Game, Section, Valence, Engagement

1,0,-0.02949524,0.07967088

1,10,-0.03404236,0.07975656

1,10,-0.02758026,0.07982186

1,10,-0.0271225,0.07982891

1,10,-0.03352356,0.07977921

1,10,-0.03593445,0.07983632

1,10,-0.04747772,0.07974736

1,10,-0.04321289,0.07966738

1,10,-0.04486084,0.07962336

1,10,-0.05879211,0.07961335

1,10,-0.0644455,0.07954624

1,10,-0.07707977,0.07949872

1,10,-0.08482361,0.07951039

1,10,-0.09078979,0.07956344

1,10,-0.09416962,0.07965755

1,10,-0.1007538,0.07979807

1,10,-0.0983429,0.0802042

1,10,-0.0983429,0.0802042

1,10,-0.09825897,0.08005309

1,10,-0.08528137,0.07990326

1,10,-0.05160522,0.07965478

1,10,-0.0502243,0.0797989

1,10,-0.0488739,0.07977944

1,10,-0.04244995,0.07963148

1,10,-0.04293823,0.0797672

1,10,-0.0429306,0.07988986

1,10,-0.04264832,0.08008227

1,10,-0.0595932,0.0801854

1,10,-0.05809784,0.07997737

1,10,-0.0539093,0.07980525

1,10,-0.05751038,0.07970402

1,10,-0.070755,0.07960994

1,10,-0.08388519,0.07958175

1,10,-0.1018448,0.07959856

1,10,-0.1006622,0.0796861

1,10,-0.09918976,0.07952058

1,10,-0.1039429,0.0795901

1,10,-0.119339,0.07969916

1,10,-0.1216583,0.07981795

1,10,-0.1100159,0.07999624

1,10,-0.105217,0.08002602

1,10,-0.08991241,0.08026663

1,10,-0.09436798,0.08021869

1,10,-0.09768677,0.08055796

1,10,-0.07874298,0.08095943

1,10,-0.06365204,0.08130807

1,10,-0.06365204,0.08130807

1,10,-0.06121063,0.08146837

1,10,-0.05558777,0.08163787

1,10,-0.05712891,0.08139268

1,10,-0.06430054,0.08146038

1,10,-0.07000732,0.08140102

1,10,-0.07000732,0.08140102

1,10,-0.07346344,0.08096414

1,10,-0.07952118,0.08064586

1,10,-0.08118439,0.08052384

1,10,-0.08970642,0.0804017

1,10,-0.1005783,0.08036073

1,10,-0.09761047,0.08027676

1,10,-0.09761047,0.08027676

1,10,-0.06394196,0.08013406

1,10,-0.06669617,0.08010674

1,11,-0.07082367,0.0799746

1,11,-0.07030487,0.08007018

1,11,-0.06210327,0.0801495

1,11,-0.05648804,0.0801961

1,11,-0.04472351,0.08017188

1,11,-0.04178619,0.08010551

1,11,-0.04763031,0.0801057

1,11,-0.04763031,0.0801057

1,11,-0.04357147,0.08009555

1,11,-0.04599762,0.07990958

1,11,-0.04586792,0.0797924

1,11,-0.05026245,0.07976241

1,11,-0.06362152,0.07980266

1,11,-0.06362152,0.07980266

1,11,-0.0632782,0.07979608

1,11,-0.059021,0.07984202

1,11,-0.05451965,0.07998679

1,11,-0.05384827,0.08030905

1,12,-0.04976654,0.08040357

1,12,-0.04559326,0.08014903

1,12,-0.05302429,0.08008754

1,12,-0.05302429,0.08008754

1,12,-0.05773163,0.08030664

1,12,-0.05716705,0.08022901

1,12,-0.05117035,0.07991065

1,12,-0.04804993,0.08003044

1,13,-0.04638672,0.08012766

1,13,-0.04638672,0.08036784

1,13,-0.04385376,0.08035441

1,13,-0.04212189,0.08030461

1,13,-0.04212189,0.08030461

1,13,-0.0346756,0.08042971

1,13,-0.0329361,0.08044204

1,13,-0.02896118,0.08040136

1,14,-0.03031921,0.08042561

1,14,-0.02998352,0.08055799

1,14,-0.0298996,0.08064017

1,14,-0.034729,0.08066288

1,14,-0.0329361,0.08062235

1,14,-0.02933502,0.08089446

1,14,-0.02850342,0.08076633

1,14,-0.03041077,0.08081768

1,14,-0.03170013,0.08083155

1,15,-0.03483582,0.08098393

1,15,-0.0329361,0.08095188

1,15,-0.04308319,0.080662

1,15,-0.04308319,0.080662

1,15,-0.04567719,0.08089546

1,15,-0.05636597,0.08093776

1,15,-0.05839539,0.08101186

1,15,-0.05686188,0.08101445

1,15,-0.0490799,0.08098602

1,15,-0.0439682,0.08084391

1,15,-0.04174805,0.08099586

1,15,-0.04148102,0.08071682

1,15,-0.04148102,0.08071682

1,15,-0.03577423,0.08071244

1,15,-0.03520203,0.08063184

1,15,-0.04385376,0.08053589

1,16,-0.04758453,0.08075336

1,16,-0.04758453,0.08075336

1,16,-0.04686737,0.08087099

1,16,-0.05123901,0.08093066

1,16,-0.05123901,0.08093066

1,16,-0.0559082,0.0807726

1,16,-0.04610443,0.08083536

1,16,-0.05402374,0.08097189

1,16,-0.0620575,0.08089835

1,16,-0.0585022,0.08077907

1,16,-0.05532074,0.08076333

1,16,-0.05564117,0.08047087

1,16,-0.04875946,0.08035724

1,16,-0.04587555,0.08034269

1,16,-0.0502243,0.08036551

1,17,-0.04592896,0.08036489

1,17,-0.05085754,0.08034093

1,17,-0.06179047,0.08035961

1,17,-0.05834198,0.08041009

1,17,-0.05667877,0.08057239

1,17,-0.05667877,0.08057239

1,17,-0.05901337,0.08076214

1,17,-0.05294037,0.08065842

1,18,-0.04698181,0.08056959

1,18,-0.0389328,0.08048115

1,18,-0.03320313,0.08046171

1,18,-0.03164673,0.08039105

1,18,-0.03530884,0.08025438

1,18,-0.03379822,0.08010975

1,18,-0.04057312,0.08011387

1,18,-0.04018402,0.08005992

1,18,-0.0426178,0.08007175

1,18,-0.05062866,0.0801482

1,18,-0.06554413,0.08015614

1,18,-0.05717468,0.08030224

1,18,-0.05437469,0.08034246

1,18,-0.04586792,0.08042894

1,18,-0.04336548,0.08035593

1,19,-0.0499115,0.08039967

1,19,-0.04536438,0.0804281

1,19,-0.03432465,0.08047302

1,19,-0.03063202,0.08066937

1,19,-0.03517914,0.08069829

1,19,-0.04431915,0.08053182

1,19,-0.0295105,0.08057365

1,20,-0.0295105,0.08057365

1,20,-0.02944946,0.08071355

1,20,-0.03109741,0.08078142

1,20,-0.04092407,0.08063518

1,20,-0.0402832,0.08051517

1,20,-0.03666687,0.08062065

1,20,-0.03666687,0.08062065

1,20,-0.03643799,0.0806137

1,20,-0.0375061,0.08043829

1,20,-0.03791046,0.08053266

1,20,-0.03516388,0.08043611

1,20,-0.03249359,0.0805492

1,20,-0.02663422,0.08058552

1,20,-0.0274353,0.08046896

1,20,-0.03041077,0.08058088

1,20,-0.03166199,0.08052606

1,21,-0.0385437,0.0806008

1,21,-0.034729,0.08047893

1,21,-0.03728485,0.08044803

1,21,-0.03839874,0.08042396

1,21,-0.04290009,0.08046022

1,21,-0.05189514,0.08027217

1,21,-0.06678009,0.08016203

1,21,-0.05693054,0.08022491

1,21,-0.05190277,0.08016244

1,21,-0.04712677,0.08021206

1,21,-0.04057312,0.08021142

1,21,-0.04057312,0.08021142

1,21,-0.04402161,0.08024666

1,21,-0.04388428,0.08024277

1,22,-0.03400421,0.08021432

1,22,-0.03286743,0.08019426

1,22,-0.03082275,0.08016083

1,22,-0.02960205,0.08019575

1,22,-0.03497314,0.08019522

1,22,-0.03508759,0.08027718

1,22,-0.03994751,0.08033079

1,22,-0.04454041,0.08019415

1,23,-0.04991913,0.08017176

1,23,-0.04878235,0.08034074

1,23,-0.0464859,0.08040458

1,23,-0.04025269,0.08053562

1,23,-0.04299927,0.08063859

1,23,-0.04299927,0.08063859

1,23,-0.04079437,0.08086818

1,24,-0.04334259,0.08079797

1,24,-0.04522705,0.08074644

1,24,-0.05422211,0.08076968

1,24,-0.05422211,0.08076968

1,24,-0.05438232,0.08080518

1,24,-0.04782104,0.08060656

1,24,-0.05011749,0.08059431

1,24,-0.05510712,0.08061117

1,24,-0.05280304,0.08056939

1,24,-0.05368805,0.08046485

1,24,-0.04754639,0.08037661

1,24,-0.05071259,0.08037685

1,24,-0.05052948,0.08036198

1,24,-0.05282593,0.08043201

1,25,-0.05117798,0.08047593

1,25,-0.0511322,0.0803397

1,25,-0.04833221,0.08035142

1,25,-0.04663086,0.08029447

1,25,-0.03630829,0.08023477

1,25,-0.04064178,0.08028464

1,25,-0.04281616,0.08026636

1,25,-0.04776001,0.08028471

1,25,-0.0342865,0.08044772

1,25,-0.0342865,0.08044772

1,25,-0.03703308,0.08050458

1,25,-0.03624725,0.08045255

1,25,-0.03797913,0.08054875

1,26,-0.03861237,0.08060902

1,26,-0.03677368,0.0807417

1,26,-0.02893829,0.08086067

1,26,-0.03151703,0.08083047

1,26,-0.03544617,0.08087993

1,26,-0.03544617,0.08087993

1,26,-0.04225922,0.08072878

1,27,-0.03772736,0.08084352

1,27,-0.02881622,0.08070548

1,27,-0.02709961,0.0808832

1,27,-0.02709961,0.0808832

1,27,-0.0266571,0.08111333

1,27,-0.0290451,0.08111148

1,28,-0.03404999,0.08128878

1,28,-0.03704834,0.08105715

1,28,-0.03990936,0.08119477

1,28,-0.04161835,0.08108809

1,28,-0.04414368,0.08095966

1,28,-0.05155182,0.08086097

1,28,-0.04945374,0.08089712

1,28,-0.04945374,0.08089712

1,28,-0.04540253,0.08091273

1,28,-0.04667664,0.08090794

1,28,-0.04909515,0.08085531

1,28,-0.04909515,0.08085531

1,28,-0.04449463,0.08103785

1,28,-0.04064178,0.08094639

1,29,-0.04145813,0.08073574

1,29,-0.04018402,0.08065662

1,29,-0.04018402,0.08065662

1,29,-0.03125,0.08068014

1,29,-0.03577423,0.08081922

1,29,-0.03797913,0.08089835

1,30,-0.03623962,0.08075105

1,30,-0.02989197,0.08114982

1,30,-0.02793121,0.08102217

1,30,-0.02793121,0.08102217

1,30,-0.03240204,0.08109022

1,30,-0.03240204,0.08109022

1,30,-0.03546906,0.08102279

1,30,-0.04262543,0.08112562

1,30,-0.04772186,0.08117557

1,30,-0.04380035,0.08150495

1,30,-0.04315186,0.08141715

1,30,-0.04434204,0.08148767

1,30,-0.04261017,0.08158432

1,30,-0.0431366,0.08162767

1,31,-0.04594421,0.0816174

1,31,-0.05326843,0.08169533

1,31,-0.0562439,0.08132485

1,31,-0.0592804,0.08117685

1,31,-0.0592804,0.08117685

1,31,-0.05889893,0.08103213

1,32,-0.04550171,0.08101986

1,32,-0.04165649,0.08104148

1,32,-0.03999329,0.08090194

1,32,-0.0399704,0.08072605

1,32,-0.04561615,0.08056694

1,32,-0.05049133,0.08077468

1,32,-0.04805756,0.08081675

1,33,-0.05545807,0.08082431

1,33,-0.05229187,0.0808012

1,33,-0.0488205,0.08071236

1,33,-0.04946899,0.08066038

1,33,-0.0506897,0.08091627

1,33,-0.04667664,0.08082169

1,33,-0.04876709,0.08064275

1,33,-0.05071259,0.08061048

1,33,-0.05082703,0.08062361

1,33,-0.05080414,0.08060691

1,33,-0.04627228,0.08074602

1,33,-0.04213715,0.08071667

1,33,-0.03799438,0.08049607

1,33,-0.04273224,0.08052138

1,34,-0.03296661,0.08071652

1,34,-0.03707123,0.08072817

1,34,-0.03577423,0.08069502

1,34,-0.03886414,0.08078869

1,34,-0.04867554,0.08079427

1,34,-0.05185699,0.08086129

1,34,-0.05052948,0.08101062

1,35,-0.04910278,0.08089727

1,35,-0.04418182,0.08079781

1,35,-0.03974915,0.08077218

1,35,-0.0526886,0.0806177

1,35,-0.0526886,0.0806177

1,35,-0.05264282,0.08062112

1,35,-0.04563141,0.08068614

1,35,-0.04621887,0.08076686

1,35,-0.04434204,0.08068572

1,35,-0.05154419,0.08072025

1,35,-0.04450989,0.08090359

1,35,-0.03899384,0.08089939

1,35,-0.03897095,0.08094087

1,36,-0.04496765,0.08102279

1,36,-0.04037476,0.08112659

1,36,-0.0395813,0.08122002

1,36,-0.0380249,0.08120442

1,36,-0.03835297,0.08141991

1,36,-0.03896332,0.08128925

1,36,-0.03720856,0.08116242

1,36,-0.04458618,0.08112109

1,36,-0.03977203,0.08103125

1,36,-0.04006958,0.08087839

1,36,-0.04006958,0.08087839

1,36,-0.04090881,0.08070144

1,36,-0.04355621,0.08080518

1,36,-0.03948212,0.0807708

1,36,-0.03804779,0.08079766

1,37,-0.03462982,0.08087149

1,37,-0.03852844,0.08095414

1,37,-0.0431366,0.08098859

1,37,-0.04423523,0.08093112

1,37,-0.0418396,0.08099558

1,37,-0.04046631,0.08076838

1,38,-0.04953003,0.08072329

1,38,-0.04763794,0.08067353

1,38,-0.05249786,0.08070559

1,38,-0.05368042,0.08082912

1,38,-0.05368042,0.08082912

1,38,-0.0484848,0.08080129

1,38,-0.05222321,0.08081599

1,38,-0.05284119,0.08080513

1,38,-0.04910278,0.08106755

1,38,-0.04272461,0.08114475

1,38,-0.03662109,0.08122688

1,38,-0.03535461,0.08112682

1,38,-0.04090118,0.08092041

1,39,-0.03957367,0.08078969

1,39,-0.04391479,0.08073763

1,39,-0.04714966,0.08063068

1,39,-0.04579163,0.08050869

1,39,-0.0425415,0.08077564

1,39,-0.04421997,0.08058403

1,39,-0.04321289,0.08054679

1,39,-0.04758453,0.08058821

1,39,-0.04753113,0.08057105

1,39,-0.04985046,0.08042307

1,39,-0.05258942,0.08034322

1,39,-0.04811859,0.08016837

1,39,-0.04811859,0.08016837

1,40,-0.0390625,0.08028138

1,40,-0.03818512,0.08040871

1,40,-0.03616333,0.08065723

1,40,-0.03585052,0.08068656

1,40,-0.04325867,0.08051455

1,40,-0.04989624,0.08041806

1,41,-0.05774689,0.08031475

1,41,-0.05516815,0.08031991

1,41,-0.05252838,0.08031972

1,41,-0.04570007,0.08027603

1,41,-0.04174805,0.08018276

1,41,-0.04323578,0.08020103

1,42,-0.04250336,0.08025442

1,42,-0.03833771,0.08023397

1,42,-0.03823853,0.08012712

1,42,-0.03635406,0.08005214

1,42,-0.04323578,0.07991399

1,42,-0.04220581,0.07993227

1,42,-0.04179382,0.08001965

1,42,-0.04238892,0.08010621

1,42,-0.04203796,0.08015122

1,42,-0.0398407,0.08011887

1,42,-0.04575348,0.08011567

1,42,-0.04503632,0.08022526

1,42,-0.03994751,0.08022648

1,42,-0.03420258,0.08016203

1,42,-0.02745056,0.08022404

1,42,-0.02944946,0.08028398

1,42,-0.03790283,0.08018582

1,42,-0.04056549,0.08012307

1,42,-0.04053497,0.08008239

1,42,-0.03781128,0.08013658

1,42,-0.03936768,0.08009727

1,42,-0.04244995,0.08014823

1,42,-0.04747009,0.08014056

1,42,-0.0475769,0.08017214

1,42,-0.04775238,0.08009288

1,42,-0.05084229,0.08010414

1,42,-0.05596924,0.08008239

1,43,-0.06455231,0.08008048

1,43,-0.05931854,0.08004139

1,43,-0.05319977,0.07998763

1,43,-0.0480957,0.07986619

1,43,-0.05031586,0.08011945

1,43,-0.04589844,0.08014812

1,43,-0.04779053,0.08012486

1,43,-0.03999329,0.08009036

1,43,-0.03713226,0.08016996

1,43,-0.03877258,0.08017917

1,43,-0.04463959,0.0801867

1,43,-0.04685211,0.08030973

1,43,-0.04685211,0.08025133

1,43,-0.04404449,0.08012101

1,43,-0.04168701,0.08012525

1,43,-0.04658508,0.08017096

1,44,-0.05506134,0.08014744

1,44,-0.05503845,0.08010998

1,44,-0.05184937,0.08035211

1,44,-0.04087067,0.08042036

1,44,-0.03647614,0.08053496

1,44,-0.04077911,0.08086286

1,44,-0.04003906,0.08104727

1,44,-0.03977203,0.08104086

1,45,-0.0402832,0.08092576

1,45,-0.0402832,0.08092576

1,45,-0.04008484,0.0809906

1,45,-0.04946899,0.08103615

1,45,-0.0479126,0.08094905

1,45,-0.05173492,0.0807987

1,45,-0.04894257,0.08083713

1,45,-0.04672241,0.0807054

1,46,-0.04421234,0.08047152

1,46,-0.03997803,0.08035754

1,46,-0.04167938,0.08015472

1,46,-0.04244232,0.08008856

1,46,-0.04296112,0.08005309

1,46,-0.04811859,0.079997

1,46,-0.05304718,0.07995582

1,46,-0.05082703,0.07992709

1,47,-0.04570007,0.07995124

1,47,-0.04376221,0.08011059

1,47,-0.03926849,0.08007575

1,47,-0.03926849,0.08007575

1,47,-0.04156494,0.07995764

1,47,-0.03769684,0.08005297

1,47,-0.04267883,0.08000296

1,47,-0.04281616,0.0798714

1,47,-0.03852844,0.07985584

1,47,-0.03887939,0.079742

1,47,-0.03790283,0.07972126

1,47,-0.03813171,0.07967876

1,47,-0.03601837,0.07973778

1,47,-0.03125,0.07968924

1,47,-0.03344727,0.07970513

1,48,-0.03637695,0.07973699

1,48,-0.03631592,0.07979616

1,48,-0.03974915,0.07978601

1,48,-0.04299164,0.07971875

1,48,-0.04698181,0.07980198

1,48,-0.04660797,0.07987593

1,48,-0.04138947,0.07985792

1,48,-0.03713989,0.07986104

1,49,-0.03211212,0.0797924

1,49,-0.03530884,0.07977552

1,49,-0.03120422,0.07976633

1,49,-0.03938293,0.07962559

1,49,-0.03938293,0.07962559

1,49,-0.03780365,0.07963721

1,49,-0.03540039,0.07961748

1,49,-0.0355072,0.07965048

1,49,-0.02963257,0.07968044

1,49,-0.02680969,0.07978297

1,49,-0.02642822,0.07978597

1,49,-0.02998352,0.07978711

1,49,-0.04502869,0.07977677

1,49,-0.04502869,0.07977677

1,49,-0.05535126,0.0797547

1,49,-0.05200958,0.0797534

1,50,-0.04859161,0.07977644

1,50,-0.04259491,0.07981407

1,50,-0.04871368,0.07986443

1,50,-0.04084778,0.07980871

1,50,-0.0456543,0.07979278

1,50,-0.04951477,0.07984534

1,50,-0.03982544,0.07994156

1,50,-0.04248047,0.07998702

1,51,-0.04141235,0.07997026

1,51,-0.03809357,0.08006423

1,51,-0.03581238,0.08018696

1,51,-0.03335571,0.08034495

1,51,-0.03305817,0.08040503

1,51,-0.03321075,0.08038461

1,51,-0.04087067,0.08024873

1,51,-0.04636383,0.08018406

1,51,-0.05780029,0.08019534

1,51,-0.05757141,0.08021172

1,51,-0.05057526,0.08012456

1,51,-0.05143738,0.08017074

1,51,-0.04225922,0.08015443

1,51,-0.04073334,0.08010209

1,51,-0.04271698,0.08016088

1,52,-0.04390717,0.08020764

1,52,-0.06214142,0.08042089

1,52,-0.0701828,0.08066868

1,52,-0.1953583,0.08315326

1,52,-0.5589752,0.09070319

1,52,-1.744865,0.1203379

1,52,-1.90583,0.1248715

1,52,-2.00795,0.1277456

1,52,-1.733955,0.1196031

1,52,-1.021263,0.1006607

1,52,-1.093018,0.1023526

1,52,-0.943573,0.09838612

1,52,-1.239403,0.1055027

1,52,-1.761871,0.1194683

1,52,-0.679245,0.09288839

1,53,-0.1480179,0.08339444

1,53,-0.1039581,0.08571759

1,53,-0.05172729,0.08846152

1,53,-0.05682373,0.09295465

1,53,-0.05509949,0.1030607

1,53,-0.05328369,0.1202615

1,53,-0.06562805,0.1304272

1,54,-0.07250214,0.1574671

1,54,-0.08440399,0.2149554

1,54,-0.07752228,0.2643534

1,54,-0.07966614,0.4615889

1,54,-0.08181,1.296406

1,54,-0.08191681,6.810065

1,54,-0.08016968,5.636976

1,55,-0.08586884,6.956254

1,55,-0.08628845,5.228988

1,55,-0.08686829,3.888986

1,55,-0.07235718,2.346001

1,55,-0.07235718,2.346001

1,55,-0.07499695,1.378846

1,55,-0.08200836,1.363109

1,55,-0.09173584,1.356836

1,55,-0.07743073,0.997397

1,55,-0.07640839,0.663079

1,55,-0.07133484,0.5241389

1,55,-0.05751801,0.4083192

1,55,-0.05245209,0.41195

1,55,-0.04819489,0.3632497

1,56,-0.0404129,0.3017515

1,56,-0.03637695,0.2298146

1,56,-0.04463959,0.2216018

1,56,-0.04851532,0.1707472

1,56,-0.07247162,0.1449241

1,56,-0.0651474,0.1252225

1,56,-0.05825043,0.1122485

1,57,-0.0583725,0.1016352

1,57,-0.04959869,0.09681942

1,57,-0.05692291,0.09282447

1,57,-0.04734039,0.08794297

1,57,-0.04221344,0.08600984

1,57,-0.03817749,0.08486284

1,58,-0.04008484,0.08379128

1,58,-0.04289246,0.08299616

1,58,-0.04892731,0.08244484

1,58,-0.05010986,0.08260734

1,58,-0.05162048,0.08300985

1,58,-0.0524826,0.08259038

1,58,-0.0565033,0.08286175

1,58,-0.0602951,0.08286909

1,58,-0.06108093,0.08287007

1,58,-0.07144165,0.08264974

1,58,-0.08542633,0.08254573

1,58,-0.09057617,0.08201799

1,58,-0.09964752,0.08186475

1,58,-0.1065979,0.08158242

1,58,-0.1073532,0.0813885

1,59,-0.1071548,0.0811221

1,59,-0.1165009,0.08131054

1,59,-0.1009369,0.08157927

1,59,-0.08542633,0.08126748

1,59,-0.07323456,0.08147431

1,59,-0.07213593,0.08135581

1,60,-0.06902313,0.08108029

1,60,-0.07057953,0.08076598

1,60,-0.07057953,0.08076598

1,60,-0.07647705,0.08074597

1,60,-0.07826996,0.08100153

1,60,-0.07726288,0.08071817

1,60,-0.06918335,0.08085994

1,60,-0.07015991,0.08083624

1,60,-0.06977844,0.08100882

1,60,-0.0695343,0.08091597

1,60,-0.06885529,0.08061424

1,60,-0.07270813,0.08065135

1,60,-0.07473755,0.0804038

1,60,-0.0798111,0.08038228

1,60,-0.09402466,0.08027906

1,61,-0.08842468,0.08019522

1,61,-0.09449005,0.0802073

1,61,-0.09970093,0.08021081

1,61,-0.08625031,0.08040047

1,61,-0.06062317,0.0805083

1,61,-0.05693054,0.08049983

1,61,-0.05426025,0.08051647

1,61,-0.05708313,0.08058161

1,61,-0.0560379,0.08060133

1,61,-0.04681396,0.08064206

1,61,-0.0433197,0.0804455

1,61,-0.04953766,0.08064125

1,61,-0.04620361,0.08065865

1,62,-0.04676819,0.08080921

1,62,-0.0472641,0.08088941

1,62,-0.04405975,0.08090147

1,62,-0.05124664,0.08101349

1,62,-0.05673218,0.08128778

1,62,-0.06047058,0.08163483

1,63,-0.06289673,0.08177552

1,63,-0.06289673,0.08177552

1,63,-0.07181549,0.08179757

1,63,-0.08203888,0.08153314

1,63,-0.07209015,0.08141243

1,63,-0.07185364,0.08144242

1,63,-0.08127594,0.08151167

1,63,-0.08973694,0.08136771

1,63,-0.09298706,0.08136767

1,63,-0.09435272,0.08118501

1,63,-0.1111221,0.0812405

1,63,-0.1155167,0.08112121

1,63,-0.1397858,0.08104924

1,64,-0.1419144,0.08079701

1,64,-0.1367798,0.08102828

1,64,-0.1217346,0.08102503

1,64,-0.1151352,0.08104399

1,64,-0.1070099,0.0810172

1,64,-0.1015396,0.08105762

1,65,-0.1001892,0.08088709

1,65,-0.110466,0.08083994

1,65,-0.09854126,0.08074363

1,65,-0.09776306,0.08068337

1,65,-0.09069061,0.08074955

1,65,-0.08364868,0.0808861

1,65,-0.0801239,0.08091578

1,66,-0.07647705,0.08086379

1,66,-0.07699585,0.0806876

1,66,-0.09177399,0.08045676

1,66,-0.09866333,0.08046045

1,66,-0.1180496,0.08047199

1,66,-0.1232452,0.08045416

1,67,-0.1341248,0.08050431

1,67,-0.1361847,0.08053152

1,67,-0.1437378,0.08065931

1,67,-0.1263123,0.08077394

1,67,-0.1388702,0.0807374

1,67,-0.1319733,0.08062573

1,67,-0.1253052,0.08054978

1,68,-0.1311493,0.08048341

1,68,-0.1257782,0.08056583

1,68,-0.116478,0.08070386

1,68,-0.1018982,0.08081376

1,68,-0.09672546,0.08068983

1,68,-0.100235,0.08091998

1,69,-0.1102371,0.08092873

1,69,-0.1110382,0.08081094

1,69,-0.1111908,0.08097748

1,69,-0.1139908,0.08102452

1,69,-0.1057358,0.08103064

1,69,-0.1082458,0.08124266

1,69,-0.1060028,0.08108601

1,69,-0.1110764,0.08110622

1,69,-0.09883118,0.08109509

1,69,-0.1005096,0.0809666

1,69,-0.1007385,0.081016

1,69,-0.09304047,0.08129892

1,70,-0.0893631,0.08139443

1,70,-0.07523346,0.08134856

1,70,-0.0772934,0.08113404

1,70,-0.08056641,0.08117848

1,70,-0.08401489,0.08099141

1,70,-0.08964539,0.08084179

1,70,-0.08659363,0.08093583

1,70,-0.07811737,0.08084834

1,70,-0.08386993,0.08082835

1,70,-0.08251953,0.08085246

1,70,-0.08682251,0.08086552

1,70,-0.07606506,0.08091115

1,71,-0.07783508,0.08083197

1,71,-0.08428955,0.08061048

1,71,-0.08329773,0.08059857

1,71,-0.08268738,0.08069137

1,71,-0.08322906,0.08070567

1,71,-0.08036804,0.08084984

1,71,-0.08057404,0.08081433

1,72,-0.07247162,0.08090359

1,72,-0.07509613,0.080827

1,72,-0.08247375,0.08070433

1,72,-0.08615875,0.08058072

1,72,-0.08999634,0.0806911

1,73,-0.1035156,0.08096637

1,73,-0.1123276,0.08099597

1,73,-0.1118393,0.08085757

1,73,-0.1177063,0.08090513

1,73,-0.1234589,0.08084903

1,73,-0.1235962,0.0809982

1,74,-0.1158218,0.08085131

1,74,-0.1121063,0.08073882

1,74,-0.1246262,0.08067522

1,74,-0.1278152,0.08077022

1,74,-0.1382294,0.08081575

1,74,-0.1256561,0.0810614

1,74,-0.111618,0.08098435

1,74,-0.1068649,0.08140203

1,74,-0.09634399,0.0813743

1,74,-0.08982086,0.08114916

1,74,-0.09989929,0.08121829

1,74,-0.1021805,0.08131086

1,74,-0.09431458,0.08116219

1,75,-0.0971756,0.08117465

1,75,-0.1143494,0.08075994

1,75,-0.1152573,0.08077434

1,75,-0.1178284,0.08076464

1,75,-0.110817,0.0806366

1,75,-0.1183777,0.08078711

1,75,-0.1195526,0.08099403

1,75,-0.1280441,0.08114178

1,75,-0.1364288,0.08090564

1,75,-0.1600037,0.08102997

1,75,-0.1600418,0.08100195

1,76,-0.1475372,0.08118092

1,76,-0.1525497,0.08129211

1,76,-0.1548157,0.08116126

1,76,-0.1548996,0.0814487

1,76,-0.1489487,0.08163467

1,76,-0.1349792,0.08143811

1,77,-0.1427765,0.08159315

1,77,-0.1351013,0.08159256

1,77,-0.1303711,0.08117905

1,77,-0.1306534,0.08125444

1,77,-0.1255493,0.08111588

1,77,-0.1272049,0.08095001

1,78,-0.1165161,0.08084048

1,78,-0.1078186,0.08075021

1,78,-0.1007614,0.08064302

1,78,-0.1011887,0.08072916

1,78,-0.1005249,0.0804711

1,78,-0.09832001,0.08030928

1,78,-0.09629059,0.08014767

1,78,-0.1014938,0.08021708

1,78,-0.09783936,0.08026594

1,78,-0.09503174,0.08029179

1,78,-0.08638,0.08027974

1,78,-0.09086609,0.08037175

1,79,-0.08926392,0.08057965

1,79,-0.09499359,0.08050569

1,79,-0.08889008,0.08059008

1,79,-0.08855438,0.08040638

1,79,-0.09501648,0.08019644

1,79,-0.09932709,0.08026659

1,79,-0.100563,0.08018181

1,79,-0.1006165,0.08017597

1,79,-0.08791351,0.08017664

1,79,-0.09262085,0.08013246

1,79,-0.09262085,0.08013246

1,80,-0.1024933,0.08015126

1,80,-0.09159851,0.08020279

1,80,-0.09433746,0.08026583

1,80,-0.08876038,0.08013479

1,80,-0.08769226,0.0799856

1,80,-0.08448029,0.07988613

1,81,-0.07970428,0.07997616

1,81,-0.08221436,0.07987407

1,81,-0.07553864,0.07985063

1,81,-0.06993103,0.07982799

1,81,-0.06448364,0.07989512

1,81,-0.06454468,0.07978916

1,81,-0.07002258,0.07982301

1,81,-0.07142639,0.07980452

1,81,-0.06828308,0.07979757

1,81,-0.06763458,0.07970326

1,81,-0.06806946,0.07969972

1,82,-0.07424164,0.07967331

1,82,-0.07241821,0.07966591

1,82,-0.07684326,0.07968059

1,82,-0.06945038,0.07963687

1,82,-0.06023407,0.07971716

1,82,-0.05570221,0.07966591

1,83,-0.05342865,0.07971963

1,83,-0.05242157,0.07968822

1,83,-0.05654907,0.07974257

1,83,-0.06337738,0.07979206

1,83,-0.0587616,0.07977384

1,83,-0.05332947,0.07977886

1,84,-0.05261993,0.07985211

1,84,-0.0517807,0.07982316

1,84,-0.05232239,0.07997517

1,84,-0.05606079,0.07998926

1,84,-0.05732727,0.0799413

1,84,-0.05366516,0.07998595

1,84,-0.0562439,0.07988054

1,84,-0.06203461,0.07986173

1,84,-0.0582428,0.07977753

1,84,-0.05361176,0.07985204

1,84,-0.04971313,0.07986569

1,84,-0.04714203,0.07980992

1,84,-0.0437088,0.0798827

1,84,-0.04724884,0.07995211

1,84,-0.04818726,0.07995772

1,84,-0.05537415,0.07990494

1,84,-0.05586243,0.08000703

1,84,-0.04941559,0.07995798

1,84,-0.0482254,0.08007575

1,85,-0.04135132,0.08014705

1,85,-0.04444122,0.0802253

1,85,-0.05141449,0.08030736

1,85,-0.05744171,0.08034372

1,85,-0.06376648,0.08022393

1,85,-0.07914734,0.08035919

1,85,-0.08218384,0.08037294

1,86,-0.07961273,0.08032405

1,86,-0.06986237,0.0801183

1,86,-0.07471466,0.08020171

1,86,-0.1889038,0.08233183

1,86,-1.948463,0.1247557

1,86,-9.548553,0.755091

1,86,-7.978294,0.5211328

1,86,-4.833473,0.2570707

1,87,-2.355888,0.2505755

1,87,21.57307,2.648913

1,87,31.76077,10.60949

1,87,75.19896,98.52021

1,87,75.08274,98.3534

1,87,85.16451,99.5724

1,87,87.92194,99.67985

1,87,84.82043,99.53204

1,87,77.71572,98.71712

1,87,71.55479,96.72269

1,87,65.82184,92.28415

1,87,63.80901,88.77908

1,87,51.39175,56.44541

1,87,39.84394,49.689

1,87,35.1605,49.69999

1,87,18.43419,49.355

1,87,2.473632,48.19087

1,88,-10.42593,44.82313

1,88,-16.94463,35.0849

1,88,-11.4677,20.11801

1,88,-10.1553,7.683641

1,88,-15.41281,1.501695

1,88,-10.76799,0.4157041

1,88,-11.60205,1.0317

1,88,-11.25166,1.004623

1,88,-16.10073,3.255419

1,88,-16.3333,3.405015

1,88,-22.22491,11.99574

1,88,-23.53163,12.40494

1,88,-29.52744,24.5019

1,88,-33.90775,15.93227

1,88,-47.26802,30.63724

1,88,-40.10661,26.37183

1,88,-32.08325,29.2788

1,88,-26.71465,19.38208

1,88,-13.87241,1.821121

1,88,-3.00341,3.110058

1,88,-0.5430832,14.35996

1,88,-0.156456,30.7359

1,88,-0.06043243,40.51807

1,88,-0.06877899,44.77715

1,88,-0.07881165,47.47492

1,88,-0.08390808,48.60213

1,88,-0.1440659,49.1259

1,88,-0.1227341,49.40058

1,88,-0.1256027,49.33037

1,88,-0.1216507,49.31769

1,88,-0.1110535,49.21007

1,88,-0.09423828,48.8437

1,88,-0.07222748,48.20956

1,88,-0.05830383,46.51573

1,88,-0.04316711,44.25326

1,88,-0.03376007,40.2693

1,88,-0.02476501,34.03238

1,88,-0.01746368,19.29501

1,88,-0.01502991,6.846237

1,88,-0.0207901,1.635943

1,88,-0.02341461,0.56486

1,88,-0.0234375,0.2562709

1,88,-0.03723907,0.1636282

1,88,-0.05220032,0.1317474

1,88,-0.08669281,0.1137625

1,88,-0.08827972,0.1030914

1,88,-0.08861542,0.09753621

1,88,-0.08676147,0.09238489

1,88,-0.1023254,0.08804691

2,0,-0.1217804,0.08265943

2,10,-0.1107788,0.08389405

2,10,-0.1018295,0.08521444

2,10,-0.1203384,0.08503575

2,10,-0.09963989,0.08688292

2,10,-0.08711243,0.08665023

2,10,-0.07183838,0.08733319

2,10,-0.05693054,0.08702302

2,10,-0.05239868,0.0874519

2,10,-0.0497818,0.08742098

2,10,-0.04049683,0.0872028

2,10,-0.03927612,0.08677688

2,10,-0.03612518,0.08817705

2,10,-0.04102325,0.08725666

2,10,-0.05000305,0.08637848

2,10,-0.04751587,0.08512625

2,10,-0.05717468,0.08458214

2,10,-0.05353546,0.08462927

2,10,-0.05783844,0.08438435

2,10,-0.07441711,0.0830445

2,10,-0.07126617,0.08299363

2,10,-0.07033539,0.08288342

2,10,-0.07860565,0.08225537

2,10,-0.07899475,0.08241267

2,10,-0.06059265,0.0824534

2,10,-0.03433228,0.08295248

2,10,-0.01087952,0.0823598

2,10,-0.00151062,0.08265321

2,10,0.02198709,0.0826049

2,10,0.001775656,0.08264199

2,10,-0.006202698,0.08426238

2,10,-0.01176453,0.0840261

2,10,-0.03098297,0.08451995

2,10,-0.03657532,0.08500552

2,10,-0.06086731,0.08418755

2,10,-0.07945251,0.08536193

2,10,-0.1203156,0.08402782

2,10,-0.1737366,0.08495455

2,10,-0.2089462,0.08506954

2,10,-0.1528931,0.08317104

2,10,-0.1338806,0.08224572

2,10,-0.1179504,0.08223628

2,10,-0.1101303,0.0820959

2,10,-0.1012268,0.08228558

2,10,-0.08798218,0.0818825

2,10,-0.08731079,0.0816786

2,10,-0.07603455,0.08159478

2,10,-0.0843277,0.08178155

2,10,-0.09360504,0.08160333

2,10,-0.1018295,0.08155875

2,10,-0.1073761,0.08144796

2,10,-0.1116791,0.08117677

2,10,-0.1042023,0.08094303

2,10,-0.09870911,0.08092892

2,10,-0.1030884,0.08078504

2,11,-0.1022034,0.08070678

2,11,-0.09719086,0.08049177

2,11,-0.09944153,0.08034751

2,11,-0.08864594,0.0801611

2,11,-0.08713531,0.08013013

2,11,-0.08587646,0.08005469

2,11,-0.08454132,0.08002419

2,11,-0.06925964,0.07993586

2,11,-0.05930328,0.07991365

2,11,-0.04208374,0.07981902

2,11,-0.03921509,0.07979932

2,11,-0.03504944,0.07973038

2,11,-0.03300476,0.07964848

2,11,-0.03022766,0.0796667

2,11,-0.03371429,0.07969366

2,11,-0.04108429,0.0797151

2,11,-0.04000092,0.0797637

2,12,-0.04452515,0.07977997

2,12,-0.04853821,0.07982442

2,12,-0.05539703,0.07984149

2,12,-0.0526886,0.07986344

2,12,-0.0526886,0.07986344

2,12,-0.04843903,0.07990976

2,12,-0.05200195,0.08000302

2,12,-0.05230713,0.0800415

2,12,-0.05405426,0.07998615

2,12,-0.05332947,0.07999408

2,12,-0.04389954,0.08005831

2,12,-0.04125977,0.07999213

2,12,-0.05173492,0.07990383

2,12,-0.05375671,0.07991518

2,12,-0.05724335,0.07990684

2,12,-0.05815125,0.07994644

2,13,-0.06227875,0.07999846

2,13,-0.06357574,0.08010773

2,13,-0.07300568,0.08005881

2,13,-0.05991364,0.08012544

2,13,-0.05652618,0.0801587

2,13,-0.05389404,0.08012872

2,13,-0.05867004,0.08010647

2,14,-0.06189728,0.08020347

2,14,-0.06212616,0.0802594

2,14,-0.0595932,0.08034185

2,14,-0.0626297,0.08026001

2,14,-0.06811523,0.08030385

2,14,-0.07526398,0.0803384

2,14,-0.06313324,0.08031873

2,14,-0.07002258,0.08030312

2,14,-0.06608582,0.08027113

2,14,-0.06690216,0.08035176

2,14,-0.07398224,0.08037182

2,14,-0.07295227,0.08048028

2,14,-0.06911469,0.08054549

2,14,-0.07543945,0.08063444

2,14,-0.07390594,0.08069748

2,14,-0.06525421,0.08081603

2,14,-0.06904602,0.08072694

2,14,-0.06427765,0.0807107

2,14,-0.06820679,0.08087322

2,14,-0.06772614,0.08099535

2,14,-0.07433319,0.0811197

2,14,-0.07875824,0.08106773

2,14,-0.08433533,0.08086894

2,14,-0.07974243,0.08070386

2,14,-0.08343506,0.08063295

2,14,-0.08509827,0.08052423

2,14,-0.08652496,0.08044086

2,14,-0.08303833,0.08017825

2,15,-0.07897186,0.08017302

2,15,-0.07498169,0.08007555

2,15,-0.07009125,0.08015568

2,15,-0.06809235,0.08023034

2,15,-0.06894684,0.08038377

2,15,-0.06864929,0.08035578

2,15,-0.07342529,0.08039867

2,15,-0.07319641,0.0803479

2,16,-0.06864929,0.08043308

2,16,-0.07407379,0.08043749

2,16,-0.06402588,0.08042338

2,16,-0.05809784,0.08031051

2,16,-0.05136108,0.08051418

2,16,-0.05844116,0.08069886

2,16,-0.06130219,0.08067303

2,17,-0.06573486,0.08084757

2,17,-0.06599426,0.08082399

2,17,-0.07351685,0.08075836

2,17,-0.07506561,0.08060176

2,17,-0.08198547,0.08047168

2,17,-0.08753967,0.08038484

2,17,-0.08317566,0.08034196

2,17,-0.09809875,0.08053312

2,17,-0.09614563,0.08068487

2,17,-0.1139069,0.08086209

2,17,-0.1256866,0.08095334

2,17,-0.1200714,0.08126481

2,17,-0.1077423,0.08131035

2,17,-0.1120911,0.0814513

2,17,-0.1067505,0.08110049

2,18,-0.1156082,0.08112404

2,18,-0.115387,0.08157569

2,18,-0.1186981,0.08181765

2,18,-0.1182556,0.08200309

2,18,-0.1338882,0.08207005

2,18,-0.1288452,0.08227618

2,18,-0.1270828,0.081992

2,18,-0.1444855,0.08189127

2,18,-0.1588287,0.08182213

2,18,-0.1637955,0.08180512

2,18,-0.153656,0.0818178

2,18,-0.1458435,0.08184373

2,18,-0.1266022,0.0822252

2,18,-0.1354065,0.08250161

2,18,-0.1245041,0.08246113

2,18,-0.1121368,0.08203342

2,19,-0.1157532,0.0820774

2,19,-0.1105728,0.08181285

2,19,-0.1173172,0.08177431

2,19,-0.1307831,0.08139826

2,19,-0.1333923,0.08140229

2,19,-0.1266403,0.08138667

2,19,-0.1158218,0.08111186

2,20,-0.1158371,0.08114785

2,20,-0.1158752,0.081236

2,20,-0.1197739,0.08153575

2,20,-0.1253357,0.08163553

2,20,-0.1210709,0.08138923

2,20,-0.1174088,0.08124421

2,20,-0.1214676,0.0815549

2,21,-0.1284103,0.08176593

2,21,-0.1162186,0.08212633

2,21,-0.1162186,0.08212633

2,21,-0.1139374,0.08184517

2,21,-0.1294861,0.08223464

2,21,-0.1304779,0.08308958

2,21,-0.1131668,0.08266955

2,21,-0.1091614,0.08210153

2,21,-0.1046219,0.08268294

2,21,-0.09864044,0.08250358

2,21,-0.09298706,0.08242799

2,21,-0.1016083,0.08228911

2,21,-0.09889984,0.08231131

2,21,-0.09846497,0.0822712

2,21,-0.1068268,0.08277719

2,22,-0.1051254,0.08240882

2,22,-0.1082306,0.08221748

2,22,-0.1067352,0.08225428

2,22,-0.09410095,0.08201393

2,22,-0.08857727,0.08179507

2,22,-0.1029205,0.08197439

2,22,-0.1018372,0.08197411

2,22,-0.1032944,0.08179441

2,22,-0.1018448,0.08156944

2,22,-0.1121063,0.08161986

2,22,-0.1043777,0.08175409

2,22,-0.1037598,0.08185008

2,22,-0.1065979,0.08175351

2,22,-0.1036682,0.081674

2,22,-0.100563,0.08150914

2,22,-0.09838867,0.08144885

2,23,-0.09480286,0.08117557

2,23,-0.08533478,0.08102086

2,23,-0.08509827,0.08094354

2,23,-0.08969116,0.08091982

2,23,-0.09037781,0.08081641

2,23,-0.08602905,0.08085489

2,23,-0.08125305,0.08107554

2,23,-0.07783508,0.0812131

2,24,-0.074646,0.08145355

2,24,-0.07616425,0.08159914

2,24,-0.08191681,0.08173154

2,24,-0.08491516,0.08213279

2,24,-0.08451843,0.08243608

2,24,-0.08415222,0.08284366

2,24,-0.08461761,0.082807

2,24,-0.08547211,0.08283854

2,24,-0.085495,0.08286455

2,24,-0.08309937,0.08264375

2,24,-0.0786438,0.08241683

2,24,-0.07807922,0.08224815

2,24,-0.08596802,0.08194435

2,24,-0.08094025,0.0818378

2,24,-0.0831604,0.08179831

2,25,-0.07943726,0.08158421

2,25,-0.08107758,0.0814879

2,25,-0.07482147,0.08168681

2,25,-0.0820694,0.08157958

2,25,-0.08026123,0.081324

2,25,-0.07565308,0.08106025

2,25,-0.07819366,0.08101558

2,25,-0.08156586,0.08091323

2,26,-0.08782196,0.08080932

2,26,-0.09883881,0.0808159

2,26,-0.09696198,0.080784

2,26,-0.09522247,0.08074955

2,26,-0.1004181,0.08103727

2,26,-0.1049347,0.08101299

2,27,-0.09796906,0.0813152

2,27,-0.09064484,0.08127345

2,27,-0.09439087,0.08121016

2,27,-0.08454132,0.0813579

2,27,-0.0759964,0.08117694

2,27,-0.07991028,0.08087122

2,27,-0.07144165,0.08062765

2,28,-0.06742096,0.08064002

2,28,-0.06855774,0.08055013

2,28,-0.07019806,0.08056471

2,28,-0.07254028,0.08069848

2,28,-0.07872772,0.08080917

2,28,-0.08974457,0.0807042

2,28,-0.0944519,0.08073889

2,28,-0.09262085,0.08056548

2,28,-0.08734131,0.08073528

2,28,-0.07853699,0.08069786

2,28,-0.0827713,0.08064574

2,28,-0.09299469,0.08067457

2,28,-0.1059799,0.08080066

2,28,-0.09328461,0.08090641

2,28,-0.09022522,0.08090429

2,28,-0.09085083,0.08107067

2,28,-0.08818054,0.08110162

2,28,-0.0842514,0.0812044

2,28,-0.08080292,0.08145463

2,28,-0.0724411,0.08171791

2,29,-0.07113647,0.081951

2,29,-0.06698608,0.08225024

2,29,-0.05776978,0.08320946

2,29,-0.06496429,0.0835655

2,29,-0.06448364,0.08398364

2,29,-0.05355835,0.0837433

2,29,-0.0373764,0.08378365

2,29,-0.0373764,0.08378365

2,29,-0.0485611,0.08354107

2,29,-0.05185699,0.08326156

2,29,-0.06693268,0.08315246

2,29,-0.07100677,0.08265722

2,29,-0.1062927,0.08213479

2,29,-0.101326,0.08198376

2,29,-0.08105469,0.08212055

2,29,-0.07666779,0.0817844

2,30,-0.06839752,0.08180007

2,30,-0.07955933,0.0815389

2,30,-0.07084656,0.08200169

2,30,-0.05479431,0.08220968

2,30,-0.06019592,0.08225901

2,30,-0.05725861,0.08240356

2,30,-0.0676651,0.0832131

2,30,-0.05518341,0.08288184

2,30,-0.04321289,0.08320969

2,30,-0.04484558,0.08335067

2,30,-0.0442276,0.08343367

2,30,-0.04503632,0.08333875

2,30,-0.04580688,0.08278429

2,30,-0.04525757,0.08318314

2,30,-0.05503845,0.08333986

2,30,-0.05329132,0.0836282

2,31,-0.03915405,0.08331978

2,31,-0.04216003,0.08314312

2,31,-0.03931427,0.08348933

2,31,-0.06441498,0.0834562

2,31,-0.06993866,0.08293774

2,31,-0.063591,0.0829232

2,31,-0.06511688,0.08289057

2,31,-0.06430817,0.08255477

2,31,-0.08129883,0.08230049

2,31,-0.07487488,0.08247748

2,31,-0.07250214,0.08231233

2,31,-0.05615234,0.08222712

2,31,-0.052948,0.08188374

2,31,-0.05659485,0.08206313

2,31,-0.0593338,0.08218419

2,32,-0.05619049,0.08214054

2,32,-0.05892944,0.08196118

2,32,-0.06674194,0.08172368

2,32,-0.07105255,0.08177746

2,32,-0.06483459,0.08214887

2,32,-0.0428009,0.082206

2,32,-0.05168915,0.08217522

2,32,-0.06301117,0.08218094

2,33,-0.06011963,0.08234835

2,33,-0.0694046,0.08219597

2,33,-0.0694046,0.08219597

2,33,-0.08321381,0.08223272

2,33,-0.08529663,0.08241102

2,33,-0.09095764,0.0818935

2,33,-0.0845871,0.08189151

2,33,-0.09918213,0.08162008

2,34,-0.0772934,0.08186857

2,34,-0.07431793,0.08188219

2,34,-0.06352234,0.08174221

2,34,-0.0765686,0.08142736

2,34,-0.05923462,0.081715

2,34,-0.05473328,0.08180646

2,34,-0.05438232,0.08170067

2,34,-0.05535126,0.0817701

2,35,-0.04799652,0.08155867

2,35,-0.04742432,0.0816807

2,35,-0.04625702,0.08151516

2,35,-0.05439758,0.08160294

2,35,-0.06017303,0.08166583

2,35,-0.06017303,0.08166583

2,35,-0.05898285,0.08152429

2,35,-0.07605743,0.0816716

2,35,-0.07363892,0.08162954

2,35,-0.0821228,0.08169696

2,35,-0.07632446,0.08168066

2,35,-0.07939148,0.08193491

2,35,-0.08092499,0.08167887

2,35,-0.08686829,0.08131222

2,36,-0.07370758,0.08123477

2,36,-0.06925964,0.0810165

2,36,-0.07689667,0.0810643

2,36,-0.07689667,0.0810643

2,36,-0.08245087,0.08086409

2,36,-0.07434845,0.08095068

2,36,-0.07128906,0.08100866

2,36,-0.07228851,0.08096556

2,36,-0.07470703,0.08101314

2,36,-0.0666275,0.08118358

2,36,-0.05717468,0.08120447

2,36,-0.05451202,0.08146197

2,36,-0.05863953,0.08149558

2,36,-0.07250977,0.0815464

2,36,-0.07152557,0.08194814

2,37,-0.0741272,0.08179454

2,37,-0.06563568,0.08190446

2,37,-0.07766724,0.08196775

2,37,-0.07726288,0.08204612

2,37,-0.08087158,0.08197806

2,37,-0.07943726,0.08195564

2,37,-0.07337952,0.08190044

2,38,-0.0920105,0.08170732

2,38,-0.08984375,0.08162663

2,38,-0.1024094,0.08157033

2,38,-0.09902954,0.0812285

2,38,-0.109993,0.08099709

2,38,-0.08995056,0.08107667

2,38,-0.09397125,0.08103472

2,39,-0.09064484,0.08093332

2,39,-0.09770203,0.08064348

2,39,-0.1140137,0.08056797

2,39,-0.09970856,0.08065562

2,39,-0.09883118,0.080624

2,39,-0.1119461,0.08068822

2,39,-0.09241486,0.08094624

2,40,-0.0813446,0.08095268

2,40,-0.05821991,0.08097313

2,40,-0.05586243,0.08107917

2,40,-0.0608139,0.08131442

2,40,-0.08331299,0.08152235

2,40,-0.08538055,0.08139966

2,40,-0.08174896,0.08147059

2,40,-0.08511353,0.0814063

2,40,-0.09877777,0.08154888

2,40,-0.1065826,0.08166451

2,40,-0.1072006,0.08160263

2,40,-0.08535767,0.08209918

2,40,-0.08674622,0.08182829

2,40,-0.09004211,0.08183893

2,40,-0.08662415,0.08217448

2,40,-0.07849884,0.08258805

2,40,-0.09307861,0.08227826

2,40,-0.1589432,0.08206696

2,40,-0.1225967,0.0820832

2,40,-0.1365204,0.08171721

2,40,-0.1080627,0.08141619

2,40,-0.09643555,0.08142208

2,40,-0.1092224,0.08137202

2,40,-0.10009,0.08129776

2,40,-0.1208725,0.08103434

2,40,-0.1404572,0.08119643

2,40,-0.1404572,0.08119643

2,40,-0.1338577,0.08099011

2,40,-0.1399384,0.08093486

2,40,-0.146637,0.08105248

2,40,-0.1516571,0.08107245

2,40,-0.151062,0.0810869

2,40,-0.1930542,0.08187711

2,40,-0.1799011,0.08157698

2,40,-0.1405792,0.08086622

2,40,-0.1365738,0.08077891

2,40,-0.1021423,0.0802631

2,40,-0.1283875,0.08079905

2,40,-0.08119965,0.08010902

2,40,-0.06174469,0.08020107

3,0,-0.05435181,0.08027125

3,10,-0.04187775,0.08047739

3,10,-0.04379272,0.08059515

3,10,-0.04611206,0.08043385

3,10,-0.05368805,0.08041584

3,10,-0.05527496,0.08053063

3,10,-0.02559662,0.08055726

3,10,-0.02126312,0.0807257

3,10,-0.02199554,0.08082984

3,10,-0.02902222,0.08106145

3,10,-0.03511047,0.08071244

3,10,-0.04579926,0.08068041

3,10,-0.0561142,0.08061679

3,10,-0.05905151,0.08057189

3,10,-0.06777954,0.08072721

3,10,-0.06744385,0.08069909

3,10,-0.07402039,0.08077583

3,10,-0.05702972,0.08102295

3,10,-0.03495789,0.0810519

3,10,-0.01486969,0.08123179

3,10,-0.01383972,0.08115461

3,10,-0.01530457,0.08092587

3,10,-0.01741028,0.0805672

3,10,0.01016966,0.08047597

3,10,0.04608199,0.08069732

3,10,0.08361325,0.08089855

3,10,-0.6403351,0.09305178

3,10,-27.0733,25.86507

3,10,-40.09963,40.50746

3,10,-57.80592,49.74591

3,10,-68.08036,49.34438

3,10,-81.86963,48.87406

3,10,-78.53087,45.85566

3,10,-67.98619,41.16294

3,10,-58.4724,28.79317

3,10,-19.4017,1.930955

3,10,-14.24963,0.9136846

3,10,-6.070465,0.2445601

3,10,-3.314743,0.1515322

3,10,-1.766022,0.1111743

3,10,-3.256042,0.147924

3,10,-6.50457,0.3241935

3,10,-8.531876,0.5040638

3,10,-2.988655,0.2979851

3,10,-1.569183,0.3063348

3,10,-1.410248,0.2324782

3,10,-1.297318,0.1561453

3,10,-1.011414,0.1229968

3,10,-0.8178635,0.1050461

3,10,-0.684967,0.09503927

3,10,-0.5149536,0.09011454

3,10,-0.3955994,0.08570047

3,10,-0.4243164,0.08431387

3,10,-1.312683,0.1042545

3,10,-4.457695,0.2222429

3,10,-7.113762,0.4250064

3,11,-6.955399,0.4085731

3,11,-8.00872,0.5265596

3,11,-4.008324,0.2036986

3,11,-0.8198853,0.09540047

3,11,-0.4167786,0.08671064

3,11,-0.1373825,0.08092172

3,11,-0.1456604,0.08100921

3,11,-0.1288452,0.08057139

3,12,-0.156517,0.08104113

3,12,-0.1140366,0.08056291

3,12,-0.1014481,0.08033523

3,12,-0.09846497,0.08007457

3,12,-0.1071396,0.0798819

3,12,-0.1078873,0.07983205

3,12,-0.1191711,0.07997406

3,12,-0.1296616,0.08006015

3,12,-0.1302185,0.08011223

3,12,-0.1279221,0.07983179

3,12,-0.115387,0.07994964

3,12,-0.1010971,0.0798254

3,12,-0.1107254,0.08003284

3,12,-0.10112,0.07992116

3,12,-0.1064911,0.0799421

3,13,-0.1073074,0.08005325

3,13,-0.1067123,0.08001138

3,13,-0.1111832,0.08007284

3,13,-0.1165543,0.08027657

3,13,-0.1450195,0.08091396

3,13,-0.1516495,0.08124062

3,13,-0.1568146,0.08095645

3,13,-0.1301041,0.08036033

3,13,-0.1520081,0.0804798

3,13,-0.1406021,0.08037417

3,13,-0.1501694,0.08036827

3,13,-0.1731415,0.08034969

3,13,-0.2121124,0.08051732

3,13,-0.1959305,0.08045991

3,13,-0.204071,0.08041698

3,13,-0.1934891,0.08039679

3,13,-0.1938477,0.0803991

3,13,-0.1916046,0.08041177

3,13,-0.1783981,0.08026025

3,13,-0.1600876,0.080268

3,13,-0.1549911,0.08025465

3,13,-0.1439743,0.08012723

3,13,-0.1465607,0.0801655

3,13,-0.1436844,0.08021819

3,13,-0.1399155,0.08027768

3,13,-0.1428833,0.08016703

3,13,-0.1439438,0.08010006

3,13,-0.1222076,0.07988602

3,14,-0.1177902,0.07987505

3,14,-0.1212997,0.07991593

3,14,-0.1270142,0.08002758

3,14,-0.1266632,0.07995086

3,14,-0.1293869,0.0799231

3,14,-0.1413651,0.08017149

3,14,-0.1275482,0.07997315

3,14,-0.1300354,0.07997814

3,14,-0.1459351,0.08012067

3,14,-0.1854553,0.0807903

3,14,-0.1520309,0.08008903

3,14,-0.1588058,0.08009311

3,14,-0.1682053,0.08025534

3,14,-0.2182846,0.0806703

3,14,-0.206192,0.08081776

3,15,-0.1897888,0.08076537

3,15,-0.2062988,0.08093004

3,15,-0.2012177,0.08103716

3,15,-0.1870346,0.08109787

3,15,-0.2196198,0.08157825

3,15,-0.2590103,0.08153077

3,15,-0.2583618,0.08151784

3,15,-0.2444458,0.0817985

3,15,-0.268158,0.08250146

3,15,-0.2547455,0.08228453

3,15,-0.2612915,0.08208878

3,15,-0.2542419,0.08133972

3,15,-0.2273941,0.08157794

3,15,-0.2485809,0.08168533

3,15,-0.2707901,0.08145316

3,16,-0.275856,0.08133733

3,16,-0.311203,0.08152251

3,16,-0.317215,0.08164063

3,16,-0.3031082,0.08218329

3,16,-0.3234558,0.0817324

3,16,-0.3368225,0.08205449

3,16,-0.3843536,0.08260569

3,16,-0.3200226,0.08212329

3,16,-0.3415604,0.08241154

3,16,-0.3777084,0.08273279

3,16,-0.3615799,0.08258208

3,16,-0.3927765,0.08294481

3,16,-0.4150314,0.08287007

3,16,-0.3659668,0.0824087

3,16,-0.3586197,0.0823899

3,17,-0.3799286,0.08247913

3,17,-0.4152374,0.08272554

3,17,-0.430954,0.08282524

3,17,-0.430954,0.08282524

3,17,-0.3982162,0.08361449

3,17,-0.3781967,0.08393184

3,17,-0.4315491,0.08522926

3,17,-0.4129868,0.08600123

3,17,-0.417511,0.08875178

3,17,-0.3558197,0.09047023

3,17,-0.3119431,0.08789137

3,17,-0.242775,0.08769901

3,17,-0.2667389,0.08575223

3,17,-0.2784195,0.08651517

3,17,-0.2593002,0.08571959

3,17,-0.2760086,0.08512513

3,18,-0.2656631,0.08459423

3,18,-0.2764435,0.08361497

3,18,-0.2764435,0.08361497

3,18,-0.2658005,0.08378437

3,18,-0.2469177,0.08390632

3,18,-0.259552,0.08416197

3,18,-0.2349014,0.08313432

3,18,-0.2401276,0.08250742

3,18,-0.2587585,0.08211686

3,18,-0.2494507,0.08175343

3,18,-0.2478943,0.08191524

3,18,-0.2557526,0.08209665

3,18,-0.2497559,0.08224722

3,18,-0.2174835,0.08186229

3,18,-0.2292709,0.08188195

3,18,-0.2106552,0.08181164

3,18,-0.2049103,0.08185438

3,19,-0.2109146,0.08202557

3,19,-0.2106628,0.08185055

3,19,-0.2227859,0.08174334

3,19,-0.2040634,0.08163752

3,19,-0.1942673,0.08146403

3,19,-0.2049866,0.08147105

3,19,-0.2010574,0.08141068

3,19,-0.1997299,0.0815851

3,20,-0.1811905,0.08140055

3,20,-0.1855927,0.08125172

3,20,-0.1773529,0.08105275

3,20,-0.1884995,0.08092985

3,20,-0.1716003,0.08079836

3,20,-0.1610336,0.08075579

3,20,-0.1808014,0.080911

3,20,-0.1868134,0.08088675

3,20,-0.1587906,0.08072244

3,20,-0.1510849,0.08083728

3,20,-0.1597443,0.08096378

3,20,-0.1896286,0.08125478

3,20,-0.1769638,0.08125393

3,20,-0.2023697,0.08161255

3,20,-0.2206345,0.08172025

3,21,-0.1932678,0.08151928

3,21,-0.1967697,0.08154526

3,21,-0.1890717,0.08173216

3,21,-0.1986847,0.08185707

3,21,-0.2380753,0.08204378

3,21,-0.2114639,0.0824173

3,21,-0.2046204,0.08269992

3,21,-0.222374,0.08231752

3,21,-0.2224808,0.08277072

3,21,-0.2085876,0.0826075

3,21,-0.2036591,0.08260737

3,21,-0.2136612,0.0824758

3,21,-0.227829,0.0824508

3,21,-0.2043533,0.08246475

3,21,-0.2129364,0.08233446

3,22,-0.2219238,0.08264769

3,22,-0.2261124,0.08252587

3,22,-0.2045593,0.08276346

3,22,-0.1897964,0.08283368

3,22,-0.194519,0.08190587

3,22,-0.18367,0.08147898

3,22,-0.1781311,0.08146496

3,23,-0.1702728,0.08143616

3,23,-0.1652832,0.08107582

3,23,-0.15625,0.08087114

3,23,-0.1507339,0.08070829

3,23,-0.1651001,0.08070271

3,23,-0.1559601,0.08071767

3,23,-0.1516571,0.08066007

3,23,-0.1539078,0.08074036

3,23,-0.1576157,0.08092565

3,23,-0.1871567,0.08112391

3,23,-0.1913605,0.08099755

3,23,-0.1794052,0.08097537

3,23,-0.2051773,0.0811958

3,23,-0.2061539,0.08146609

3,23,-0.2092209,0.08151508

3,24,-0.2401886,0.08164284

3,24,-0.2555923,0.0818382

3,24,-0.285553,0.08202662

3,24,-0.2763062,0.08206833

3,24,-0.2796707,0.082335

3,24,-0.2874603,0.08220714

3,24,-0.2965393,0.08217886

3,25,-0.2930832,0.08210861

3,25,-0.2426987,0.08160897

3,25,-0.2690811,0.08182934

3,25,-0.2794113,0.08192202

3,25,-0.3252411,0.08215893

3,25,-0.3209,0.08209969

3,25,-0.3502274,0.08228665

3,26,-0.3310318,0.08218521

3,26,-0.3313675,0.08224513

3,26,-0.3247452,0.08213776

3,26,-0.3441467,0.08217812

3,26,-0.3543625,0.08226861

3,26,-0.3808365,0.08253483

3,26,-0.3878937,0.0825853

3,26,-0.3807983,0.08239394

3,27,-0.3870926,0.08249709

3,27,-0.40625,0.08261576

3,27,-0.3453674,0.0821358

3,27,-0.3453674,0.0821358

3,27,-0.3453674,0.0821358

3,27,-0.3617859,0.08222696

3,27,-0.3315659,0.08209504

3,27,-0.3401871,0.08214881

3,27,-0.3213806,0.08187863

3,27,-0.3083954,0.08192429

3,27,-0.3119507,0.08216035

3,27,-0.3429489,0.08251494

3,27,-0.3119888,0.0822834

3,27,-0.2916031,0.08195248

3,27,-0.2866135,0.08189201

3,27,-0.2827606,0.08206435

3,27,-0.3038559,0.0824274

3,27,-0.3188248,0.08229398

3,27,-0.3520279,0.08249446

3,27,-0.3320999,0.0822683

3,27,-0.3343658,0.08229837

3,28,-0.3395538,0.08259026

3,28,-0.3598251,0.08275822

3,28,-0.3844299,0.08271403

3,28,-0.4138947,0.08319328

3,28,-0.4118652,0.08343665

3,28,-0.4336853,0.08336016

3,28,-0.5012894,0.08388038

3,29,-0.5667419,0.08427318

3,29,-0.5682068,0.08418173

3,29,-0.4968338,0.08362161

3,29,-0.4052963,0.08266101

3,29,-0.4052963,0.08266101

3,29,-0.4138412,0.08274473

3,29,-0.3679123,0.08235356

3,29,-0.3427963,0.08220118

3,29,-0.2938538,0.08184182

3,29,-0.3403244,0.08230802

3,29,-0.3366928,0.08242088

3,29,-0.3063889,0.08215804

3,29,-0.3013153,0.08210439

3,29,-0.2948074,0.08221466

3,29,-0.2832794,0.08217116

3,29,-0.2785873,0.0821168

3,29,-0.2829971,0.08221121

3,29,-0.2829971,0.08221121

3,29,-0.3174744,0.0824855

3,29,-0.3329849,0.08248153

3,29,-0.3478394,0.08260534

3,29,-0.3727112,0.08286558

3,29,-0.3595886,0.08290388

3,29,-0.4012299,0.08313625

3,29,-0.456543,0.08357578

3,29,-0.4076538,0.08307814

3,29,-0.4023819,0.08299316

3,29,-0.3966293,0.08301926

3,29,-0.3966293,0.08301926

3,29,-0.466507,0.08344364

3,29,-0.4394073,0.0829605

3,29,-0.4461365,0.08307485

3,29,-0.395813,0.0825342

3,29,-0.3711548,0.08232319

3,29,-0.3384018,0.08195233

3,29,-0.3354263,0.08190393

3,29,-0.3420486,0.08192012

3,29,-0.3300781,0.0818717

3,29,-0.3472824,0.08205336

3,29,-0.3356476,0.08193873

3,29,-0.3281021,0.08192624

3,29,-0.3388596,0.08199731

3,29,-0.3019714,0.08169848

3,29,-0.3179779,0.08183967

3,29,-0.2936935,0.08157643

3,29,-0.3110962,0.08162919

3,29,-0.3053741,0.08159171

3,29,-0.3426666,0.08189206

3,29,-0.404808,0.08232421

3,29,-0.4540024,0.08276401

3,29,-0.4514847,0.08296829

3,29,-0.5044632,0.08364362

3,29,-0.5546112,0.08403391

3,29,-0.5760574,0.08429495

3,29,-0.5971909,0.0843676

3,29,-0.5557556,0.08422036

3,29,-0.6571655,0.08499406

3,29,-0.6481705,0.0850114

